{
    "pools": [
      {
        "rolls": 1,
        "entries": [
          {
            "type": "minecraft:item",
            "name": "minecraft:map",
            "functions": [
              {
                "function": "minecraft:exploration_map",
                "destination": "amethystapath:amethyst_chasm",
                "decoration": "minecraft:banner_purple",
                "zoom": 2,
                "search_radius": 50,
                "skip_existing_chunks": true
              },
              {
                "function": "minecraft:set_name",
                "name": {"text": "Amethyst Chasm Map", "italic": false, "color": "gold"}
              }
            ]
          }
        ]
      }
    ]
  }